{
    "total_runtime": 1629.0964419841766,
    "num_documents": 14,
    "update_documents": 0,
    "input_load_time": 0,
    "workflows": {
        "load_input_documents": {
            "overall": 0.04700112342834473
        },
        "create_base_text_units": {
            "overall": 0.0651848316192627
        },
        "create_final_documents": {
            "overall": 0.03258061408996582
        },
        "extract_graph": {
            "overall": 754.901159286499
        },
        "finalize_graph": {
            "overall": 0.07578611373901367
        },
        "extract_covariates": {
            "overall": 285.21400904655457
        },
        "create_communities": {
            "overall": 0.08464169502258301
        },
        "create_final_text_units": {
            "overall": 0.053681373596191406
        },
        "create_community_reports": {
            "overall": 541.2937481403351
        },
        "generate_text_embeddings": {
            "overall": 47.32665300369263
        }
    }
}