{
    "total_runtime": 3224.3682758808136,
    "num_documents": 30,
    "update_documents": 0,
    "input_load_time": 0,
    "workflows": {
        "load_input_documents": {
            "overall": 0.15946459770202637
        },
        "create_base_text_units": {
            "overall": 0.05774188041687012
        },
        "create_final_documents": {
            "overall": 0.031080961227416992
        },
        "extract_graph": {
            "overall": 1635.8072278499603
        },
        "finalize_graph": {
            "overall": 0.07351565361022949
        },
        "extract_covariates": {
            "overall": 635.7423169612885
        },
        "create_communities": {
            "overall": 0.0930783748626709
        },
        "create_final_text_units": {
            "overall": 0.05134749412536621
        },
        "create_community_reports": {
            "overall": 798.5288770198822
        },
        "generate_text_embeddings": {
            "overall": 153.81890606880188
        }
    }
}